,label
0,NoF
1,ALB
2,ALB
3,YFT
4,ALB
5,ALB
6,ALB
7,NoF
8,ALB
9,YFT
10,ALB
11,ALB
12,NoF
13,ALB
14,BET
15,ALB
16,ALB
17,NoF
18,DOL
19,ALB
20,ALB
21,ALB
22,YFT
23,ALB
24,LAG
25,ALB
26,ALB
27,ALB
28,ALB
29,YFT
30,NoF
31,OTHER
32,ALB
33,YFT
34,NoF
35,ALB
36,NoF
37,ALB
38,ALB
39,ALB
40,YFT
41,YFT
42,SHARK
43,ALB
44,YFT
45,NoF
46,DOL
47,YFT
48,SHARK
49,NoF
50,NoF
51,ALB
52,ALB
53,ALB
54,ALB
55,YFT
56,NoF
57,ALB
58,SHARK
59,YFT
60,NoF
61,DOL
62,DOL
63,YFT
64,ALB
65,BET
66,ALB
67,ALB
68,YFT
69,ALB
70,YFT
71,ALB
72,NoF
73,ALB
74,ALB
75,YFT
76,OTHER
77,YFT
78,ALB
79,ALB
80,OTHER
81,ALB
82,OTHER
83,DOL
84,ALB
85,YFT
86,YFT
87,DOL
88,YFT
89,YFT
90,OTHER
91,ALB
92,OTHER
93,OTHER
94,BET
95,ALB
96,NoF
97,YFT
98,ALB
99,YFT
100,YFT
101,ALB
102,BET
103,OTHER
104,BET
105,ALB
106,BET
107,LAG
108,OTHER
109,ALB
110,OTHER
111,NoF
112,ALB
113,ALB
114,BET
115,ALB
116,ALB
117,ALB
118,ALB
119,ALB
120,ALB
121,YFT
122,ALB
123,ALB
124,ALB
125,ALB
126,OTHER
127,NoF
128,OTHER
129,BET
130,NoF
131,ALB
132,ALB
133,ALB
134,SHARK
135,OTHER
136,ALB
137,ALB
138,ALB
139,YFT
140,DOL
141,YFT
142,OTHER
143,YFT
144,ALB
145,NoF
146,OTHER
147,YFT
148,ALB
149,YFT
150,DOL
151,ALB
152,ALB
153,ALB
154,ALB
155,ALB
156,YFT
157,ALB
158,ALB
159,ALB
160,LAG
161,YFT
162,ALB
163,ALB
164,ALB
165,BET
166,ALB
167,ALB
168,ALB
169,ALB
170,DOL
171,ALB
172,YFT
173,ALB
174,NoF
175,NoF
176,SHARK
177,YFT
178,DOL
179,ALB
180,ALB
181,YFT
182,ALB
183,ALB
184,ALB
185,ALB
186,ALB
187,SHARK
188,YFT
189,OTHER
190,ALB
191,YFT
192,NoF
193,YFT
194,YFT
195,ALB
196,ALB
197,ALB
198,ALB
199,YFT
200,ALB
201,ALB
202,YFT
203,YFT
204,ALB
205,DOL
206,OTHER
207,NoF
208,ALB
209,ALB
210,OTHER
211,YFT
212,YFT
213,ALB
214,ALB
215,OTHER
216,ALB
217,ALB
218,NoF
219,ALB
220,DOL
221,YFT
222,ALB
223,SHARK
224,YFT
225,YFT
226,NoF
227,SHARK
228,ALB
229,NoF
230,BET
231,ALB
232,ALB
233,ALB
234,ALB
235,ALB
236,ALB
237,ALB
238,NoF
239,YFT
240,NoF
241,YFT
242,NoF
243,ALB
244,ALB
245,ALB
246,ALB
247,OTHER
248,ALB
249,ALB
250,OTHER
251,YFT
252,YFT
253,NoF
254,ALB
255,NoF
256,ALB
257,ALB
258,OTHER
259,ALB
260,NoF
261,YFT
262,ALB
263,ALB
264,ALB
265,YFT
266,SHARK
267,YFT
268,NoF
269,LAG
270,ALB
271,OTHER
272,NoF
273,ALB
274,ALB
275,BET
276,BET
277,ALB
278,ALB
279,OTHER
280,NoF
281,NoF
282,OTHER
283,ALB
284,ALB
285,ALB
286,ALB
287,NoF
288,NoF
289,YFT
290,ALB
291,ALB
292,ALB
293,YFT
294,BET
295,SHARK
296,OTHER
297,SHARK
298,ALB
299,YFT
300,OTHER
301,NoF
302,ALB
303,ALB
304,ALB
305,ALB
306,NoF
307,ALB
308,NoF
309,SHARK
310,NoF
311,NoF
312,ALB
313,LAG
314,ALB
315,ALB
316,NoF
317,ALB
318,YFT
319,ALB
320,YFT
321,NoF
322,ALB
323,ALB
324,ALB
325,NoF
326,NoF
327,ALB
328,YFT
329,ALB
330,ALB
331,SHARK
332,DOL
333,ALB
334,ALB
335,NoF
336,NoF
337,DOL
338,ALB
339,ALB
340,NoF
341,ALB
342,ALB
343,YFT
344,ALB
345,ALB
346,ALB
347,ALB
348,YFT
349,OTHER
350,ALB
351,ALB
352,NoF
353,YFT
354,ALB
355,ALB
356,NoF
357,YFT
358,YFT
359,ALB
360,ALB
361,ALB
362,ALB
363,ALB
364,NoF
365,ALB
366,DOL
367,SHARK
368,NoF
369,NoF
370,ALB
371,OTHER
372,YFT
373,YFT
374,BET
375,ALB
376,OTHER
377,ALB
378,ALB
379,BET
380,ALB
381,YFT
382,ALB
383,YFT
384,YFT
385,ALB
386,ALB
387,YFT
388,ALB
389,ALB
390,ALB
391,ALB
392,ALB
393,ALB
394,SHARK
395,YFT
396,DOL
397,SHARK
398,NoF
399,ALB
400,ALB
401,NoF
402,ALB
403,ALB
404,ALB
405,ALB
406,ALB
407,LAG
408,ALB
409,NoF
410,ALB
411,ALB
412,YFT
413,NoF
414,NoF
415,SHARK
416,YFT
417,OTHER
418,ALB
419,YFT
420,NoF
421,BET
422,NoF
423,ALB
424,ALB
425,ALB
426,NoF
427,ALB
428,ALB
429,NoF
430,ALB
431,ALB
432,ALB
433,DOL
434,ALB
435,NoF
436,NoF
437,BET
438,ALB
439,ALB
440,BET
441,ALB
442,ALB
443,YFT
444,YFT
445,YFT
446,YFT
447,ALB
448,ALB
449,NoF
450,ALB
451,ALB
452,SHARK
453,ALB
454,SHARK
455,SHARK
456,YFT
457,ALB
458,OTHER
459,ALB
460,YFT
461,NoF
462,NoF
463,YFT
464,YFT
465,ALB
466,ALB
467,DOL
468,ALB
469,YFT
470,SHARK
471,YFT
472,ALB
473,YFT
474,ALB
475,ALB
476,NoF
477,YFT
478,ALB
479,NoF
480,ALB
481,ALB
482,DOL
483,NoF
484,NoF
485,ALB
486,OTHER
487,OTHER
488,ALB
489,BET
490,ALB
491,LAG
492,YFT
493,ALB
494,BET
495,ALB
496,OTHER
497,ALB
498,BET
499,BET
500,YFT
501,ALB
502,ALB
503,ALB
504,YFT
505,YFT
506,YFT
507,ALB
508,ALB
509,SHARK
510,ALB
511,ALB
512,ALB
513,SHARK
514,YFT
515,NoF
516,NoF
517,NoF
518,SHARK
519,OTHER
520,ALB
521,BET
522,SHARK
523,ALB
524,BET
525,ALB
526,ALB
527,ALB
528,ALB
529,YFT
530,ALB
531,ALB
532,BET
533,LAG
534,ALB
535,DOL
536,ALB
537,ALB
538,YFT
539,ALB
540,NoF
541,YFT
542,YFT
543,BET
544,ALB
545,ALB
546,ALB
547,ALB
548,ALB
549,ALB
550,ALB
551,ALB
552,NoF
553,DOL
554,LAG
555,DOL
556,YFT
557,YFT
558,NoF
559,ALB
560,YFT
561,YFT
562,ALB
563,ALB
564,YFT
565,YFT
566,LAG
567,NoF
568,YFT
569,NoF
570,SHARK
571,ALB
572,YFT
573,ALB
574,ALB
575,DOL
576,NoF
577,YFT
578,ALB
579,ALB
580,YFT
581,YFT
582,NoF
583,OTHER
584,ALB
585,ALB
586,SHARK
587,SHARK
588,YFT
589,ALB
590,YFT
591,YFT
592,YFT
593,ALB
594,YFT
595,ALB
596,DOL
597,NoF
598,ALB
599,SHARK
600,ALB
601,YFT
602,ALB
603,NoF
604,LAG
605,NoF
606,LAG
607,ALB
608,ALB
609,ALB
610,YFT
611,SHARK
612,NoF
613,ALB
614,ALB
615,ALB
616,NoF
617,ALB
618,ALB
619,ALB
620,ALB
621,ALB
622,ALB
623,ALB
624,ALB
625,ALB
626,ALB
627,ALB
628,ALB
629,ALB
630,YFT
631,ALB
632,ALB
633,YFT
634,SHARK
635,YFT
636,YFT
637,ALB
638,ALB
639,ALB
640,YFT
641,OTHER
642,LAG
643,ALB
644,NoF
645,ALB
646,BET
647,YFT
648,OTHER
649,OTHER
650,ALB
651,YFT
652,ALB
653,BET
654,ALB
655,ALB
656,ALB
657,ALB
658,ALB
659,NoF
660,YFT
661,BET
662,ALB
663,ALB
664,OTHER
665,BET
666,SHARK
667,BET
668,ALB
669,BET
670,ALB
671,NoF
672,ALB
673,ALB
674,YFT
675,NoF
676,ALB
677,ALB
678,NoF
679,NoF
680,ALB
681,LAG
682,YFT
683,YFT
684,DOL
685,ALB
686,ALB
687,ALB
688,ALB
689,ALB
690,ALB
691,ALB
692,ALB
693,ALB
694,OTHER
695,SHARK
696,YFT
697,NoF
698,YFT
699,BET
700,ALB
701,ALB
702,OTHER
703,NoF
704,ALB
705,NoF
706,SHARK
707,YFT
708,YFT
709,ALB
710,BET
711,OTHER
712,DOL
713,ALB
714,ALB
715,YFT
716,YFT
717,ALB
718,YFT
719,NoF
720,ALB
721,YFT
722,ALB
723,ALB
724,ALB
725,ALB
726,ALB
727,ALB
728,ALB
729,ALB
730,ALB
731,SHARK
732,ALB
733,NoF
734,ALB
735,OTHER
736,NoF
737,OTHER
738,YFT
739,ALB
740,ALB
741,ALB
742,YFT
743,ALB
744,ALB
745,ALB
746,YFT
747,ALB
748,YFT
749,YFT
750,ALB
751,ALB
752,ALB
753,ALB
754,ALB
755,OTHER
756,YFT
757,ALB
758,ALB
759,YFT
760,ALB
761,YFT
762,DOL
763,ALB
764,ALB
765,YFT
766,ALB
767,ALB
768,NoF
769,YFT
770,ALB
771,SHARK
772,YFT
773,YFT
774,YFT
775,ALB
776,BET
777,NoF
778,ALB
779,NoF
780,ALB
781,YFT
782,OTHER
783,DOL
784,DOL
785,ALB
786,OTHER
787,NoF
788,BET
789,SHARK
790,NoF
791,BET
792,SHARK
793,YFT
794,YFT
795,ALB
796,SHARK
797,ALB
798,ALB
799,LAG
800,YFT
801,BET
802,NoF
803,YFT
804,SHARK
805,ALB
806,ALB
807,ALB
808,ALB
809,NoF
810,OTHER
811,ALB
812,YFT
813,OTHER
814,ALB
815,NoF
816,ALB
817,ALB
818,YFT
819,ALB
820,OTHER
821,YFT
822,YFT
823,ALB
824,ALB
825,YFT
826,YFT
827,YFT
828,YFT
829,SHARK
830,NoF
831,ALB
832,SHARK
833,DOL
834,ALB
835,ALB
836,SHARK
837,ALB
838,NoF
839,ALB
840,NoF
841,OTHER
842,OTHER
843,ALB
844,ALB
845,NoF
846,ALB
847,SHARK
848,ALB
849,ALB
850,ALB
851,NoF
852,NoF
853,YFT
854,ALB
855,YFT
856,NoF
857,ALB
858,ALB
859,NoF
860,NoF
861,YFT
862,ALB
863,ALB
864,ALB
865,ALB
866,ALB
867,NoF
868,OTHER
869,ALB
870,ALB
871,YFT
872,YFT
873,NoF
874,OTHER
875,ALB
876,ALB
877,ALB
878,ALB
879,ALB
880,YFT
881,YFT
882,DOL
883,OTHER
884,NoF
885,ALB
886,ALB
887,OTHER
888,ALB
889,ALB
890,ALB
891,ALB
892,ALB
893,ALB
894,OTHER
895,ALB
896,ALB
897,YFT
898,YFT
899,SHARK
900,OTHER
901,ALB
902,ALB
903,ALB
904,BET
905,ALB
906,NoF
907,ALB
908,YFT
909,BET
910,ALB
911,YFT
912,OTHER
913,ALB
914,ALB
915,SHARK
916,NoF
917,YFT
918,ALB
919,ALB
920,NoF
921,ALB
922,ALB
923,YFT
924,ALB
925,ALB
926,ALB
927,ALB
928,YFT
929,YFT
930,NoF
931,SHARK
932,ALB
933,SHARK
934,YFT
935,ALB
936,YFT
937,OTHER
938,ALB
939,YFT
940,ALB
941,ALB
942,ALB
943,ALB
944,BET
945,ALB
946,YFT
947,YFT
948,DOL
949,NoF
950,ALB
951,ALB
952,SHARK
953,OTHER
954,ALB
955,ALB
956,YFT
957,YFT
958,ALB
959,LAG
960,NoF
961,SHARK
962,YFT
963,ALB
964,ALB
965,ALB
966,ALB
967,ALB
968,ALB
969,NoF
970,YFT
971,ALB
972,OTHER
973,NoF
974,NoF
975,ALB
976,ALB
977,ALB
978,BET
979,BET
980,NoF
981,ALB
982,ALB
983,YFT
984,ALB
985,OTHER
986,YFT
987,OTHER
988,NoF
989,YFT
990,ALB
991,ALB
992,ALB
993,ALB
994,DOL
995,ALB
996,SHARK
997,NoF
998,ALB
999,OTHER
1000,ALB
1001,ALB
1002,ALB
1003,OTHER
1004,ALB
1005,NoF
1006,NoF
1007,ALB
1008,ALB
1009,ALB
1010,ALB
1011,YFT
1012,ALB
1013,ALB
1014,ALB
1015,ALB
1016,YFT
1017,YFT
1018,NoF
1019,YFT
1020,YFT
1021,NoF
1022,YFT
1023,NoF
1024,ALB
1025,BET
1026,NoF
1027,SHARK
1028,OTHER
1029,BET
1030,NoF
1031,SHARK
1032,LAG
1033,DOL
1034,ALB
1035,ALB
1036,NoF
1037,NoF
1038,ALB
1039,YFT
1040,ALB
1041,NoF
1042,YFT
1043,OTHER
1044,DOL
1045,ALB
1046,YFT
1047,NoF
1048,OTHER
1049,LAG
1050,ALB
1051,BET
1052,NoF
1053,ALB
1054,ALB
1055,OTHER
1056,OTHER
1057,NoF
1058,YFT
1059,ALB
1060,YFT
1061,ALB
1062,ALB
1063,ALB
1064,YFT
1065,ALB
1066,SHARK
1067,ALB
1068,ALB
1069,YFT
1070,ALB
1071,ALB
1072,ALB
1073,ALB
1074,ALB
1075,YFT
1076,ALB
1077,YFT
1078,YFT
1079,ALB
1080,ALB
1081,ALB
1082,LAG
1083,YFT
1084,DOL
1085,ALB
1086,ALB
1087,OTHER
1088,NoF
1089,ALB
1090,ALB
1091,ALB
1092,YFT
1093,ALB
1094,OTHER
1095,ALB
1096,YFT
1097,YFT
1098,YFT
1099,NoF
1100,ALB
1101,YFT
1102,YFT
1103,ALB
1104,YFT
1105,NoF
1106,BET
1107,ALB
1108,NoF
1109,ALB
1110,YFT
1111,BET
1112,ALB
1113,YFT
1114,NoF
1115,ALB
1116,ALB
1117,YFT
1118,ALB
1119,BET
1120,YFT
1121,YFT
1122,ALB
1123,YFT
1124,ALB
1125,ALB
1126,YFT
1127,YFT
1128,DOL
1129,NoF
1130,ALB
1131,BET
1132,ALB
1133,ALB
1134,YFT
1135,ALB
1136,ALB
1137,YFT
1138,BET
1139,ALB
1140,SHARK
1141,ALB
1142,OTHER
1143,ALB
1144,NoF
1145,ALB
1146,NoF
1147,NoF
1148,ALB
1149,ALB
1150,NoF
1151,SHARK
1152,YFT
1153,YFT
1154,YFT
1155,YFT
1156,ALB
1157,ALB
1158,ALB
1159,ALB
1160,ALB
1161,NoF
1162,ALB
1163,ALB
1164,BET
1165,LAG
1166,ALB
1167,YFT
1168,YFT
1169,DOL
1170,ALB
1171,YFT
1172,ALB
1173,NoF
1174,SHARK
1175,NoF
1176,YFT
1177,ALB
1178,ALB
1179,NoF
1180,ALB
1181,NoF
1182,ALB
1183,ALB
1184,ALB
1185,NoF
1186,ALB
1187,OTHER
1188,NoF
1189,ALB
1190,ALB
1191,ALB
1192,ALB
1193,BET
1194,BET
1195,NoF
1196,BET
1197,BET
1198,BET
1199,YFT
1200,ALB
1201,DOL
1202,ALB
1203,ALB
1204,ALB
1205,OTHER
1206,ALB
1207,ALB
1208,YFT
1209,NoF
1210,YFT
1211,ALB
1212,ALB
1213,YFT
1214,YFT
1215,ALB
1216,ALB
1217,OTHER
1218,ALB
1219,SHARK
1220,YFT
1221,YFT
1222,DOL
1223,BET
1224,OTHER
1225,ALB
1226,SHARK
1227,ALB
1228,ALB
1229,ALB
1230,ALB
1231,LAG
1232,ALB
1233,BET
1234,ALB
1235,BET
1236,ALB
1237,ALB
1238,ALB
1239,DOL
1240,ALB
1241,OTHER
1242,ALB
1243,YFT
1244,ALB
1245,OTHER
1246,NoF
1247,BET
1248,ALB
1249,OTHER
1250,YFT
1251,YFT
1252,LAG
1253,ALB
1254,NoF
1255,ALB
1256,NoF
1257,ALB
1258,LAG
1259,OTHER
1260,OTHER
1261,YFT
1262,SHARK
1263,YFT
1264,BET
1265,ALB
1266,ALB
1267,YFT
1268,BET
1269,OTHER
1270,ALB
1271,YFT
1272,OTHER
1273,ALB
1274,YFT
1275,ALB
1276,ALB
1277,ALB
1278,YFT
1279,BET
1280,ALB
1281,DOL
1282,YFT
1283,ALB
1284,SHARK
1285,YFT
1286,ALB
1287,NoF
1288,SHARK
1289,ALB
1290,ALB
1291,YFT
1292,OTHER
1293,ALB
1294,DOL
1295,ALB
1296,YFT
1297,LAG
1298,ALB
1299,ALB
1300,BET
1301,YFT
1302,ALB
1303,BET
1304,OTHER
1305,ALB
1306,YFT
1307,ALB
1308,OTHER
1309,ALB
1310,BET
1311,YFT
1312,ALB
1313,ALB
1314,ALB
1315,ALB
1316,NoF
1317,ALB
1318,ALB
1319,ALB
1320,LAG
1321,NoF
1322,OTHER
1323,LAG
1324,DOL
1325,ALB
1326,ALB
1327,ALB
1328,ALB
1329,YFT
1330,ALB
1331,ALB
1332,ALB
1333,ALB
1334,ALB
1335,YFT
1336,ALB
1337,ALB
1338,YFT
1339,ALB
1340,ALB
1341,ALB
1342,YFT
1343,YFT
1344,NoF
1345,BET
1346,YFT
1347,ALB
1348,ALB
1349,YFT
1350,YFT
1351,OTHER
1352,OTHER
1353,SHARK
1354,ALB
1355,ALB
1356,ALB
1357,ALB
1358,ALB
1359,YFT
1360,BET
1361,YFT
1362,SHARK
1363,YFT
1364,NoF
1365,BET
1366,YFT
1367,ALB
1368,YFT
1369,YFT
1370,ALB
1371,YFT
1372,YFT
1373,ALB
1374,YFT
1375,ALB
1376,ALB
1377,ALB
1378,BET
1379,DOL
1380,ALB
1381,OTHER
1382,BET
1383,ALB
1384,YFT
1385,YFT
1386,ALB
1387,YFT
1388,NoF
1389,ALB
1390,ALB
1391,YFT
1392,ALB
1393,NoF
1394,YFT
1395,SHARK
1396,YFT
1397,ALB
1398,ALB
1399,BET
1400,YFT
1401,BET
1402,YFT
1403,NoF
1404,SHARK
1405,NoF
1406,ALB
1407,ALB
1408,ALB
1409,ALB
1410,NoF
1411,ALB
1412,ALB
1413,YFT
1414,OTHER
1415,NoF
1416,ALB
1417,YFT
1418,ALB
1419,YFT
1420,ALB
1421,SHARK
1422,ALB
1423,DOL
1424,DOL
1425,NoF
1426,NoF
1427,ALB
1428,YFT
1429,YFT
1430,NoF
1431,YFT
1432,ALB
1433,BET
1434,LAG
1435,ALB
1436,ALB
1437,ALB
1438,YFT
1439,NoF
1440,ALB
1441,OTHER
1442,ALB
1443,ALB
1444,NoF
1445,SHARK
1446,NoF
1447,ALB
1448,ALB
1449,ALB
1450,ALB
1451,SHARK
1452,YFT
1453,ALB
1454,ALB
1455,BET
1456,ALB
1457,BET
1458,SHARK
1459,BET
1460,ALB
1461,ALB
1462,ALB
1463,ALB
1464,YFT
1465,NoF
1466,YFT
1467,BET
1468,YFT
1469,YFT
1470,BET
1471,YFT
1472,ALB
1473,ALB
1474,NoF
1475,YFT
1476,BET
1477,YFT
1478,SHARK
1479,NoF
1480,OTHER
1481,NoF
1482,ALB
1483,YFT
1484,ALB
1485,ALB
1486,NoF
1487,YFT
1488,YFT
1489,OTHER
1490,YFT
1491,ALB
1492,ALB
1493,BET
1494,YFT
1495,BET
1496,ALB
1497,ALB
1498,SHARK
1499,YFT
1500,ALB
1501,YFT
1502,ALB
1503,YFT
1504,YFT
1505,ALB
1506,ALB
1507,YFT
1508,ALB
1509,ALB
1510,ALB
1511,ALB
1512,ALB
1513,NoF
1514,ALB
1515,DOL
1516,ALB
1517,ALB
1518,NoF
1519,NoF
1520,ALB
1521,OTHER
1522,ALB
1523,BET
1524,YFT
1525,ALB
1526,ALB
1527,NoF
1528,YFT
1529,OTHER
1530,ALB
1531,NoF
1532,ALB
1533,ALB
1534,OTHER
1535,ALB
1536,NoF
1537,ALB
1538,ALB
1539,NoF
1540,OTHER
1541,YFT
1542,YFT
1543,NoF
1544,YFT
1545,SHARK
1546,OTHER
1547,YFT
1548,DOL
1549,ALB
1550,YFT
1551,ALB
1552,OTHER
1553,ALB
1554,ALB
1555,ALB
1556,ALB
1557,NoF
1558,DOL
1559,YFT
1560,ALB
1561,YFT
1562,ALB
1563,ALB
1564,ALB
1565,DOL
1566,ALB
1567,YFT
1568,OTHER
1569,ALB
1570,ALB
1571,ALB
1572,YFT
1573,ALB
1574,YFT
1575,ALB
1576,YFT
1577,ALB
1578,SHARK
1579,ALB
1580,ALB
1581,BET
1582,ALB
1583,NoF
1584,YFT
1585,ALB
1586,YFT
1587,ALB
1588,ALB
1589,BET
1590,ALB
1591,ALB
1592,DOL
1593,SHARK
1594,ALB
1595,YFT
1596,ALB
1597,ALB
1598,ALB
1599,ALB
1600,YFT
1601,ALB
1602,NoF
1603,YFT
1604,YFT
1605,OTHER
1606,NoF
1607,ALB
1608,OTHER
1609,ALB
1610,ALB
1611,ALB
1612,YFT
1613,ALB
1614,BET
1615,ALB
1616,NoF
1617,ALB
1618,NoF
1619,OTHER
1620,ALB
1621,YFT
1622,ALB
1623,BET
1624,YFT
1625,SHARK
1626,ALB
1627,ALB
1628,LAG
1629,ALB
1630,DOL
1631,ALB
1632,NoF
1633,NoF
1634,ALB
1635,ALB
1636,NoF
1637,OTHER
1638,LAG
1639,SHARK
1640,DOL
1641,DOL
1642,ALB
1643,ALB
1644,NoF
1645,LAG
1646,ALB
1647,ALB
1648,YFT
1649,OTHER
1650,ALB
1651,OTHER
1652,NoF
1653,ALB
1654,BET
1655,ALB
1656,OTHER
1657,YFT
1658,NoF
1659,ALB
1660,ALB
1661,ALB
1662,ALB
1663,YFT
1664,YFT
1665,BET
1666,ALB
1667,NoF
1668,ALB
1669,ALB
1670,ALB
1671,ALB
1672,ALB
1673,ALB
1674,ALB
1675,OTHER
1676,SHARK
1677,NoF
1678,DOL
1679,ALB
1680,ALB
1681,ALB
1682,ALB
1683,NoF
1684,NoF
1685,OTHER
1686,ALB
1687,SHARK
1688,NoF
1689,YFT
1690,BET
1691,ALB
1692,ALB
1693,BET
1694,YFT
1695,ALB
1696,ALB
1697,ALB
1698,ALB
1699,ALB
1700,ALB
1701,OTHER
1702,YFT
1703,ALB
1704,SHARK
1705,DOL
1706,BET
1707,YFT
1708,OTHER
1709,YFT
1710,ALB
1711,ALB
1712,NoF
1713,SHARK
1714,DOL
1715,ALB
1716,NoF
1717,ALB
1718,SHARK
1719,YFT
1720,ALB
1721,OTHER
1722,ALB
1723,BET
1724,ALB
1725,ALB
1726,ALB
1727,SHARK
1728,SHARK
1729,YFT
1730,ALB
1731,ALB
1732,BET
1733,YFT
1734,ALB
1735,OTHER
1736,OTHER
1737,OTHER
1738,ALB
1739,ALB
1740,YFT
1741,DOL
1742,ALB
1743,NoF
1744,ALB
1745,ALB
1746,SHARK
1747,ALB
1748,YFT
1749,ALB
1750,YFT
1751,ALB
1752,BET
1753,YFT
1754,YFT
1755,YFT
1756,YFT
1757,YFT
1758,ALB
1759,YFT
1760,YFT
1761,ALB
1762,ALB
1763,YFT
1764,YFT
1765,ALB
1766,OTHER
1767,NoF
1768,ALB
1769,ALB
1770,NoF
1771,ALB
1772,ALB
1773,OTHER
1774,OTHER
1775,SHARK
1776,ALB
1777,ALB
1778,YFT
1779,ALB
1780,ALB
1781,YFT
1782,OTHER
1783,YFT
1784,ALB
1785,YFT
1786,ALB
1787,OTHER
1788,YFT
1789,ALB
1790,ALB
1791,ALB
1792,ALB
1793,SHARK
1794,OTHER
1795,ALB
1796,OTHER
1797,NoF
1798,ALB
1799,ALB
1800,OTHER
1801,ALB
1802,ALB
1803,OTHER
1804,ALB
1805,BET
1806,YFT
1807,NoF
1808,DOL
1809,ALB
1810,YFT
1811,OTHER
1812,LAG
1813,BET
1814,NoF
1815,ALB
1816,ALB
1817,ALB
1818,ALB
1819,YFT
1820,ALB
1821,YFT
1822,ALB
1823,DOL
1824,SHARK
1825,OTHER
1826,OTHER
1827,ALB
1828,ALB
1829,ALB
1830,ALB
1831,DOL
1832,ALB
1833,ALB
1834,BET
1835,ALB
1836,SHARK
1837,YFT
1838,OTHER
1839,ALB
1840,YFT
1841,NoF
1842,ALB
1843,BET
1844,ALB
1845,DOL
1846,OTHER
1847,ALB
1848,YFT
1849,BET
1850,NoF
1851,ALB
1852,DOL
1853,OTHER
1854,ALB
1855,ALB
1856,YFT
1857,YFT
1858,SHARK
1859,ALB
1860,ALB
1861,YFT
1862,BET
1863,ALB
1864,NoF
1865,ALB
1866,ALB
1867,ALB
1868,BET
1869,NoF
1870,DOL
1871,ALB
1872,ALB
1873,YFT
1874,YFT
1875,ALB
1876,OTHER
1877,ALB
1878,ALB
1879,DOL
1880,NoF
1881,NoF
1882,ALB
1883,BET
1884,YFT
1885,BET
1886,ALB
1887,NoF
1888,YFT
1889,YFT
1890,SHARK
1891,ALB
1892,YFT
1893,YFT
1894,ALB
1895,ALB
1896,YFT
1897,NoF
1898,ALB
1899,DOL
1900,OTHER
1901,ALB
1902,ALB
1903,NoF
1904,NoF
1905,YFT
1906,YFT
1907,ALB
1908,ALB
1909,ALB
1910,ALB
1911,NoF
1912,ALB
1913,ALB
1914,ALB
1915,YFT
1916,ALB
1917,ALB
1918,OTHER
1919,YFT
1920,YFT
1921,ALB
1922,YFT
1923,YFT
1924,YFT
1925,ALB
1926,ALB
1927,YFT
1928,OTHER
1929,ALB
1930,ALB
1931,ALB
1932,ALB
1933,BET
1934,ALB
1935,ALB
1936,BET
1937,OTHER
1938,BET
1939,ALB
1940,YFT
1941,YFT
1942,BET
1943,ALB
1944,YFT
1945,ALB
1946,ALB
1947,ALB
1948,OTHER
1949,ALB
1950,ALB
1951,DOL
1952,ALB
1953,SHARK
1954,ALB
1955,ALB
1956,ALB
1957,YFT
1958,BET
1959,ALB
1960,ALB
1961,ALB
1962,YFT
1963,ALB
1964,ALB
1965,ALB
1966,YFT
1967,YFT
1968,ALB
1969,OTHER
1970,BET
1971,OTHER
1972,ALB
1973,YFT
1974,OTHER
1975,ALB
1976,ALB
1977,ALB
1978,OTHER
1979,BET
1980,YFT
1981,YFT
1982,ALB
1983,YFT
1984,ALB
1985,ALB
1986,ALB
1987,OTHER
1988,NoF
1989,NoF
1990,ALB
1991,YFT
1992,ALB
1993,YFT
1994,ALB
1995,YFT
1996,YFT
1997,NoF
1998,NoF
1999,BET
2000,YFT
2001,YFT
2002,ALB
2003,SHARK
2004,ALB
2005,ALB
2006,YFT
2007,NoF
2008,DOL
2009,ALB
2010,NoF
2011,ALB
2012,YFT
2013,NoF
2014,ALB
2015,LAG
2016,ALB
2017,ALB
2018,OTHER
2019,YFT
2020,ALB
2021,ALB
2022,OTHER
2023,YFT
2024,BET
2025,OTHER
2026,ALB
2027,ALB
2028,ALB
2029,ALB
2030,BET
2031,ALB
2032,BET
2033,NoF
2034,YFT
2035,NoF
2036,YFT
2037,YFT
2038,BET
2039,ALB
2040,NoF
2041,ALB
2042,NoF
2043,NoF
2044,YFT
2045,DOL
2046,NoF
2047,NoF
2048,ALB
2049,ALB
2050,DOL
2051,NoF
2052,YFT
2053,ALB
2054,ALB
2055,ALB
2056,BET
2057,ALB
2058,YFT
2059,NoF
2060,ALB
2061,ALB
2062,OTHER
2063,YFT
2064,YFT
2065,ALB
2066,BET
2067,SHARK
2068,ALB
2069,OTHER
2070,ALB
2071,YFT
2072,YFT
2073,NoF
2074,ALB
2075,YFT
2076,LAG
2077,BET
2078,YFT
2079,YFT
2080,BET
2081,ALB
2082,ALB
2083,OTHER
2084,YFT
2085,ALB
2086,ALB
2087,BET
2088,ALB
2089,ALB
2090,NoF
2091,SHARK
2092,ALB
2093,LAG
2094,OTHER
2095,SHARK
2096,YFT
2097,OTHER
2098,ALB
2099,ALB
2100,ALB
2101,ALB
2102,ALB
2103,ALB
2104,ALB
2105,YFT
2106,YFT
2107,ALB
2108,NoF
2109,NoF
2110,DOL
2111,ALB
2112,NoF
2113,OTHER
2114,NoF
2115,OTHER
2116,SHARK
2117,ALB
2118,ALB
2119,YFT
2120,OTHER
2121,YFT
2122,YFT
2123,ALB
2124,ALB
2125,YFT
2126,NoF
2127,OTHER
2128,ALB
2129,DOL
2130,YFT
2131,ALB
2132,BET
2133,ALB
2134,ALB
2135,YFT
2136,ALB
2137,ALB
2138,OTHER
2139,ALB
2140,BET
2141,YFT
2142,LAG
2143,OTHER
2144,YFT
2145,NoF
2146,BET
2147,ALB
2148,ALB
2149,ALB
2150,ALB
2151,YFT
2152,ALB
2153,BET
2154,ALB
2155,ALB
2156,ALB
2157,ALB
2158,YFT
2159,ALB
2160,NoF
2161,ALB
2162,ALB
2163,SHARK
2164,ALB
2165,NoF
2166,ALB
2167,ALB
2168,OTHER
2169,YFT
2170,NoF
2171,ALB
2172,ALB
2173,YFT
2174,ALB
2175,ALB
2176,ALB
2177,NoF
2178,ALB
2179,NoF
2180,ALB
2181,YFT
2182,ALB
2183,ALB
2184,NoF
2185,NoF
2186,ALB
2187,OTHER
2188,ALB
2189,NoF
2190,YFT
2191,ALB
2192,BET
2193,ALB
2194,YFT
2195,ALB
2196,NoF
2197,ALB
2198,NoF
2199,YFT
2200,OTHER
2201,ALB
2202,ALB
2203,ALB
2204,ALB
2205,NoF
2206,ALB
2207,ALB
2208,ALB
2209,YFT
2210,YFT
2211,ALB
2212,ALB
2213,YFT
2214,OTHER
2215,LAG
2216,OTHER
2217,DOL
2218,ALB
2219,SHARK
2220,OTHER
2221,YFT
2222,ALB
2223,NoF
2224,YFT
2225,ALB
2226,BET
2227,NoF
2228,BET
2229,OTHER
2230,ALB
2231,SHARK
2232,YFT
2233,ALB
2234,ALB
2235,ALB
2236,ALB
2237,YFT
2238,ALB
2239,YFT
2240,ALB
2241,YFT
2242,YFT
2243,NoF
2244,ALB
2245,ALB
2246,YFT
2247,ALB
2248,SHARK
2249,YFT
2250,ALB
2251,ALB
2252,OTHER
2253,NoF
2254,NoF
2255,ALB
2256,YFT
2257,ALB
2258,OTHER
2259,YFT
2260,YFT
2261,ALB
2262,OTHER
2263,YFT
2264,OTHER
2265,YFT
2266,ALB
2267,OTHER
2268,BET
2269,ALB
2270,YFT
2271,YFT
2272,DOL
2273,ALB
2274,NoF
2275,NoF
2276,ALB
2277,ALB
2278,ALB
2279,ALB
2280,ALB
2281,ALB
2282,NoF
2283,SHARK
2284,YFT
2285,BET
2286,ALB
2287,NoF
2288,ALB
2289,YFT
2290,ALB
2291,ALB
2292,YFT
2293,YFT
2294,BET
2295,SHARK
2296,YFT
2297,YFT
2298,ALB
2299,ALB
2300,SHARK
2301,SHARK
2302,YFT
2303,ALB
2304,ALB
2305,ALB
2306,ALB
2307,DOL
2308,ALB
2309,ALB
2310,NoF
2311,NoF
2312,YFT
2313,ALB
2314,YFT
2315,ALB
2316,ALB
2317,ALB
2318,DOL
2319,OTHER
2320,OTHER
2321,ALB
2322,ALB
2323,YFT
2324,ALB
2325,ALB
2326,BET
2327,YFT
2328,BET
2329,ALB
2330,NoF
2331,OTHER
2332,YFT
2333,BET
2334,NoF
2335,BET
2336,ALB
2337,ALB
2338,LAG
2339,YFT
2340,SHARK
2341,YFT
2342,BET
2343,ALB
2344,YFT
2345,ALB
2346,OTHER
2347,NoF
2348,ALB
2349,ALB
2350,ALB
2351,ALB
2352,YFT
2353,ALB
2354,ALB
2355,ALB
2356,OTHER
2357,SHARK
2358,OTHER
2359,ALB
2360,ALB
2361,ALB
2362,YFT
2363,ALB
2364,ALB
2365,ALB
2366,YFT
2367,YFT
2368,ALB
2369,NoF
2370,NoF
2371,ALB
2372,YFT
2373,YFT
2374,ALB
2375,ALB
2376,NoF
2377,ALB
2378,YFT
2379,NoF
2380,YFT
2381,OTHER
2382,YFT
2383,ALB
2384,OTHER
2385,BET
2386,YFT
2387,ALB
2388,YFT
2389,ALB
2390,ALB
2391,YFT
2392,ALB
2393,LAG
2394,YFT
2395,ALB
2396,ALB
2397,YFT
2398,ALB
2399,SHARK
2400,BET
2401,BET
2402,NoF
2403,SHARK
2404,ALB
2405,ALB
2406,NoF
2407,ALB
2408,OTHER
2409,ALB
2410,ALB
2411,ALB
2412,ALB
2413,ALB
2414,YFT
2415,ALB
2416,SHARK
2417,NoF
2418,ALB
2419,YFT
2420,NoF
2421,YFT
2422,OTHER
2423,YFT
2424,ALB
2425,ALB
2426,ALB
2427,ALB
2428,ALB
2429,SHARK
2430,ALB
2431,ALB
2432,NoF
2433,ALB
2434,YFT
2435,ALB
2436,ALB
2437,YFT
2438,DOL
2439,DOL
2440,ALB
2441,ALB
2442,DOL
2443,ALB
2444,ALB
2445,YFT
2446,ALB
2447,ALB
2448,ALB
2449,YFT
2450,BET
2451,NoF
2452,DOL
2453,ALB
2454,ALB
2455,ALB
2456,ALB
2457,BET
2458,NoF
2459,SHARK
2460,OTHER
2461,YFT
2462,ALB
2463,NoF
2464,NoF
2465,YFT
2466,DOL
2467,YFT
2468,ALB
2469,NoF
2470,BET
2471,ALB
2472,ALB
2473,ALB
2474,NoF
2475,ALB
2476,NoF
2477,ALB
2478,NoF
2479,YFT
2480,YFT
2481,NoF
2482,YFT
2483,YFT
2484,LAG
2485,ALB
2486,ALB
2487,NoF
2488,SHARK
2489,SHARK
2490,ALB
2491,OTHER
2492,YFT
2493,ALB
2494,NoF
2495,BET
2496,YFT
2497,OTHER
2498,SHARK
2499,ALB
2500,YFT
2501,ALB
2502,ALB
2503,YFT
2504,ALB
2505,YFT
2506,BET
2507,ALB
2508,ALB
2509,ALB
2510,ALB
2511,YFT
2512,LAG
2513,DOL
2514,YFT
2515,ALB
2516,OTHER
2517,ALB
2518,YFT
2519,NoF
2520,NoF
2521,LAG
2522,ALB
2523,NoF
2524,ALB
2525,YFT
2526,OTHER
2527,ALB
2528,NoF
2529,ALB
2530,NoF
2531,ALB
2532,LAG
2533,ALB
2534,YFT
2535,YFT
2536,YFT
2537,NoF
2538,NoF
2539,LAG
2540,YFT
2541,YFT
2542,YFT
2543,YFT
2544,YFT
2545,YFT
2546,OTHER
2547,NoF
2548,ALB
2549,OTHER
2550,ALB
2551,ALB
2552,NoF
2553,ALB
2554,NoF
2555,NoF
2556,NoF
2557,ALB
2558,ALB
2559,ALB
2560,SHARK
2561,ALB
2562,ALB
2563,ALB
2564,ALB
2565,NoF
2566,OTHER
2567,ALB
2568,OTHER
2569,ALB
2570,OTHER
2571,YFT
2572,ALB
2573,NoF
2574,ALB
2575,YFT
2576,YFT
2577,ALB
2578,ALB
2579,YFT
2580,YFT
2581,YFT
2582,SHARK
2583,NoF
2584,OTHER
2585,BET
2586,ALB
2587,NoF
2588,LAG
2589,BET
2590,ALB
2591,NoF
2592,NoF
2593,ALB
2594,ALB
2595,ALB
2596,NoF
2597,ALB
2598,ALB
2599,OTHER
2600,ALB
2601,ALB
2602,YFT
2603,ALB
2604,ALB
2605,YFT
2606,ALB
2607,SHARK
2608,NoF
2609,SHARK
2610,NoF
2611,YFT
2612,ALB
2613,ALB
2614,YFT
2615,ALB
2616,ALB
2617,ALB
2618,OTHER
2619,YFT
2620,ALB
2621,ALB
2622,NoF
2623,ALB
2624,ALB
2625,YFT
2626,YFT
2627,OTHER
2628,ALB
2629,NoF
2630,ALB
2631,NoF
2632,BET
2633,YFT
2634,YFT
2635,ALB
2636,OTHER
2637,OTHER
2638,ALB
2639,ALB
2640,ALB
2641,YFT
2642,NoF
2643,BET
2644,YFT
2645,ALB
2646,SHARK
2647,ALB
2648,ALB
2649,OTHER
2650,SHARK
2651,YFT
2652,NoF
2653,YFT
2654,ALB
2655,ALB
2656,LAG
2657,ALB
2658,ALB
2659,YFT
2660,ALB
2661,YFT
2662,ALB
2663,NoF
2664,YFT
2665,YFT
2666,YFT
2667,YFT
2668,NoF
2669,BET
2670,ALB
2671,NoF
2672,ALB
2673,ALB
2674,ALB
2675,ALB
2676,NoF
2677,SHARK
2678,ALB
2679,ALB
2680,OTHER
2681,ALB
2682,NoF
2683,ALB
2684,ALB
2685,ALB
2686,ALB
2687,YFT
2688,OTHER
2689,ALB
2690,ALB
2691,OTHER
2692,ALB
2693,ALB
2694,ALB
2695,OTHER
2696,YFT
2697,ALB
2698,ALB
2699,LAG
2700,YFT
2701,YFT
2702,SHARK
2703,ALB
2704,YFT
2705,NoF
2706,NoF
2707,ALB
2708,SHARK
2709,LAG
2710,ALB
2711,YFT
2712,ALB
2713,ALB
2714,ALB
2715,OTHER
2716,SHARK
2717,YFT
2718,SHARK
2719,ALB
2720,YFT
2721,ALB
2722,ALB
2723,YFT
2724,ALB
2725,ALB
2726,ALB
2727,ALB
2728,YFT
2729,ALB
2730,YFT
2731,ALB
2732,BET
2733,OTHER
2734,LAG
2735,NoF
2736,NoF
2737,ALB
2738,YFT
2739,ALB
2740,ALB
2741,NoF
2742,ALB
2743,YFT
2744,ALB
2745,DOL
2746,ALB
2747,SHARK
2748,YFT
2749,BET
2750,NoF
2751,YFT
2752,ALB
2753,ALB
2754,NoF
2755,ALB
2756,OTHER
2757,ALB
2758,SHARK
2759,YFT
2760,ALB
2761,ALB
2762,ALB
2763,ALB
2764,NoF
2765,YFT
2766,BET
2767,SHARK
2768,ALB
2769,NoF
2770,YFT
2771,OTHER
2772,ALB
2773,BET
2774,BET
2775,ALB
2776,BET
2777,BET
2778,ALB
2779,YFT
2780,OTHER
2781,ALB
2782,SHARK
2783,NoF
2784,NoF
2785,ALB
2786,ALB
2787,ALB
2788,BET
2789,NoF
2790,ALB
2791,NoF
2792,YFT
2793,ALB
2794,ALB
2795,ALB
2796,YFT
2797,ALB
2798,ALB
2799,SHARK
2800,ALB
2801,ALB
2802,YFT
2803,SHARK
2804,ALB
2805,NoF
2806,ALB
2807,ALB
2808,ALB
2809,ALB
2810,ALB
2811,YFT
2812,ALB
2813,ALB
2814,ALB
2815,OTHER
2816,LAG
2817,ALB
2818,ALB
2819,ALB
2820,BET
2821,YFT
2822,YFT
2823,ALB
2824,ALB
2825,ALB
2826,YFT
2827,ALB
2828,NoF
2829,ALB
2830,DOL
2831,YFT
2832,ALB
2833,ALB
2834,NoF
2835,ALB
2836,ALB
2837,ALB
2838,LAG
2839,ALB
2840,ALB
2841,ALB
2842,NoF
2843,NoF
2844,ALB
2845,YFT
2846,LAG
2847,YFT
2848,OTHER
2849,YFT
2850,ALB
2851,YFT
2852,ALB
2853,SHARK
2854,NoF
2855,ALB
2856,OTHER
2857,YFT
2858,ALB
2859,YFT
2860,ALB
2861,ALB
2862,NoF
2863,YFT
2864,YFT
2865,NoF
2866,NoF
2867,NoF
2868,OTHER
2869,ALB
2870,ALB
2871,ALB
2872,ALB
2873,ALB
2874,ALB
2875,YFT
2876,YFT
2877,YFT
2878,ALB
2879,ALB
2880,YFT
2881,DOL
2882,ALB
2883,DOL
2884,ALB
2885,DOL
2886,OTHER
2887,SHARK
2888,ALB
2889,ALB
2890,ALB
2891,SHARK
2892,YFT
2893,SHARK
2894,ALB
2895,ALB
2896,OTHER
2897,NoF
2898,ALB
2899,ALB
2900,SHARK
2901,ALB
2902,NoF
2903,SHARK
2904,ALB
2905,YFT
2906,LAG
2907,OTHER
2908,OTHER
2909,ALB
2910,ALB
2911,NoF
2912,ALB
2913,SHARK
2914,ALB
2915,ALB
2916,ALB
2917,ALB
2918,LAG
2919,NoF
2920,BET
2921,ALB
2922,ALB
2923,ALB
2924,OTHER
2925,ALB
2926,ALB
2927,DOL
2928,BET
2929,OTHER
2930,ALB
2931,OTHER
2932,ALB
2933,YFT
2934,NoF
2935,ALB
2936,ALB
2937,ALB
2938,ALB
2939,OTHER
2940,YFT
2941,ALB
2942,YFT
2943,OTHER
2944,ALB
2945,ALB
2946,OTHER
2947,BET
2948,ALB
2949,ALB
2950,ALB
2951,ALB
2952,BET
2953,YFT
2954,OTHER
2955,ALB
2956,ALB
2957,OTHER
2958,YFT
2959,ALB
2960,NoF
2961,NoF
2962,BET
2963,ALB
2964,BET
2965,ALB
2966,ALB
2967,BET
2968,NoF
2969,OTHER
2970,ALB
2971,YFT
2972,ALB
2973,YFT
2974,ALB
2975,LAG
2976,OTHER
2977,ALB
2978,NoF
2979,DOL
2980,ALB
2981,BET
2982,YFT
2983,OTHER
2984,ALB
2985,ALB
2986,ALB
2987,ALB
2988,ALB
2989,NoF
2990,ALB
2991,NoF
2992,OTHER
2993,OTHER
2994,NoF
2995,YFT
2996,YFT
2997,ALB
2998,YFT
2999,NoF
3000,ALB
3001,OTHER
3002,ALB
3003,ALB
3004,ALB
3005,ALB
3006,ALB
3007,ALB
3008,ALB
3009,NoF
3010,ALB
3011,ALB
3012,OTHER
3013,ALB
3014,OTHER
3015,ALB
3016,NoF
3017,ALB
3018,DOL
3019,NoF
3020,ALB
3021,ALB
3022,YFT
3023,YFT
3024,OTHER
3025,ALB
3026,SHARK
3027,ALB
3028,OTHER
3029,BET
3030,SHARK
3031,NoF
3032,ALB
3033,OTHER
3034,ALB
3035,OTHER
3036,YFT
3037,ALB
3038,YFT
3039,NoF
3040,OTHER
3041,YFT
3042,ALB
3043,ALB
3044,ALB
3045,ALB
3046,YFT
3047,ALB
3048,ALB
3049,ALB
3050,YFT
3051,ALB
3052,SHARK
3053,ALB
3054,OTHER
3055,ALB
3056,BET
3057,LAG
3058,YFT
3059,ALB
3060,OTHER
3061,ALB
3062,OTHER
3063,NoF
3064,NoF
3065,ALB
3066,SHARK
3067,YFT
3068,ALB
3069,OTHER
3070,ALB
3071,YFT
3072,YFT
3073,ALB
3074,ALB
3075,ALB
3076,ALB
3077,YFT
3078,ALB
3079,ALB
3080,YFT
3081,YFT
3082,ALB
3083,YFT
3084,ALB
3085,NoF
3086,ALB
3087,NoF
3088,YFT
3089,ALB
3090,YFT
3091,SHARK
3092,BET
3093,YFT
3094,ALB
3095,YFT
3096,NoF
3097,ALB
3098,NoF
3099,YFT
3100,ALB
3101,ALB
3102,DOL
3103,NoF
3104,ALB
3105,ALB
3106,YFT
3107,ALB
3108,NoF
3109,NoF
3110,NoF
3111,DOL
3112,ALB
3113,BET
3114,ALB
3115,ALB
3116,YFT
3117,ALB
3118,ALB
3119,ALB
3120,YFT
3121,NoF
3122,ALB
3123,OTHER
3124,ALB
3125,ALB
3126,ALB
3127,YFT
3128,YFT
3129,ALB
3130,YFT
3131,LAG
3132,SHARK
3133,ALB
3134,YFT
3135,ALB
3136,SHARK
3137,OTHER
3138,SHARK
3139,OTHER
3140,OTHER
3141,YFT
3142,ALB
3143,ALB
3144,ALB
3145,ALB
3146,ALB
3147,YFT
3148,OTHER
3149,ALB
3150,YFT
3151,ALB
3152,ALB
3153,ALB
3154,DOL
3155,ALB
3156,YFT
3157,ALB
3158,ALB
3159,ALB
3160,NoF
3161,SHARK
3162,YFT
3163,OTHER
3164,ALB
3165,ALB
3166,ALB
3167,NoF
3168,ALB
3169,YFT
3170,YFT
3171,OTHER
3172,ALB
3173,DOL
3174,DOL
3175,ALB
3176,YFT
3177,YFT
3178,ALB
3179,SHARK
3180,ALB
3181,ALB
3182,SHARK
3183,ALB
3184,YFT
3185,ALB
3186,YFT
3187,NoF
3188,ALB
3189,BET
3190,ALB
3191,OTHER
3192,ALB
3193,ALB
3194,NoF
3195,ALB
3196,SHARK
3197,ALB
3198,ALB
3199,DOL
3200,ALB
3201,SHARK
3202,BET
3203,ALB
3204,ALB
3205,YFT
3206,DOL
3207,BET
3208,NoF
3209,ALB
3210,ALB
3211,ALB
3212,NoF
3213,ALB
3214,ALB
3215,LAG
3216,LAG
3217,NoF
3218,ALB
3219,ALB
3220,NoF
3221,YFT
3222,ALB
3223,ALB
3224,OTHER
3225,ALB
3226,ALB
3227,ALB
3228,NoF
3229,ALB
3230,ALB
3231,ALB
3232,NoF
3233,YFT
3234,YFT
3235,ALB
3236,NoF
3237,ALB
3238,OTHER
3239,NoF
3240,BET
3241,ALB
3242,OTHER
3243,YFT
3244,YFT
3245,YFT
3246,ALB
3247,OTHER
3248,YFT
3249,OTHER
3250,ALB
3251,ALB
3252,ALB
3253,YFT
3254,NoF
3255,ALB
3256,YFT
3257,NoF
3258,BET
3259,ALB
3260,ALB
3261,ALB
3262,ALB
3263,ALB
3264,NoF
3265,YFT
3266,NoF
3267,DOL
3268,OTHER
3269,YFT
3270,ALB
3271,ALB
3272,ALB
3273,NoF
3274,ALB
3275,ALB
3276,NoF
3277,ALB
3278,ALB
3279,SHARK
3280,ALB
3281,OTHER
3282,ALB
3283,NoF
3284,ALB
3285,ALB
3286,YFT
3287,ALB
3288,ALB
3289,YFT
3290,ALB
3291,ALB
3292,SHARK
3293,ALB
3294,YFT
3295,SHARK
3296,ALB
3297,NoF
3298,ALB
3299,DOL
3300,YFT
3301,YFT
3302,ALB
3303,LAG
3304,SHARK
3305,ALB
3306,YFT
3307,OTHER
3308,OTHER
3309,OTHER
3310,ALB
3311,DOL
3312,ALB
3313,ALB
3314,ALB
3315,YFT
3316,BET
3317,ALB
3318,ALB
3319,YFT
3320,ALB
3321,ALB
3322,OTHER
3323,ALB
3324,ALB
3325,ALB
3326,BET
3327,ALB
3328,OTHER
3329,SHARK
3330,OTHER
3331,ALB
3332,YFT
3333,NoF
3334,OTHER
3335,ALB
3336,NoF
3337,ALB
3338,ALB
3339,YFT
3340,DOL
3341,NoF
3342,ALB
3343,ALB
3344,ALB
3345,NoF
3346,YFT
3347,ALB
3348,YFT
3349,ALB
3350,NoF
3351,NoF
3352,NoF
3353,ALB
3354,ALB
3355,ALB
3356,ALB
3357,YFT
3358,ALB
3359,NoF
3360,YFT
3361,ALB
3362,ALB
3363,ALB
3364,SHARK
3365,OTHER
3366,NoF
3367,SHARK
3368,ALB
3369,ALB
3370,YFT
3371,YFT
3372,OTHER
3373,ALB
3374,NoF
3375,NoF
3376,OTHER
3377,NoF
3378,OTHER
3379,YFT
3380,ALB
3381,NoF
3382,ALB
3383,ALB
3384,YFT
3385,OTHER
3386,ALB
3387,DOL
3388,ALB
3389,OTHER
3390,ALB
3391,YFT
3392,DOL
3393,ALB
3394,ALB
3395,NoF
3396,NoF
3397,SHARK
3398,YFT
3399,ALB
3400,NoF
3401,ALB
3402,ALB
3403,OTHER
3404,OTHER
3405,ALB
3406,SHARK
3407,ALB
3408,ALB
3409,NoF
3410,YFT
3411,ALB
3412,ALB
3413,YFT
3414,ALB
3415,YFT
3416,ALB
3417,DOL
3418,OTHER
3419,YFT
3420,OTHER
3421,YFT
3422,ALB
3423,NoF
3424,OTHER
3425,YFT
3426,YFT
3427,BET
3428,YFT
3429,YFT
3430,SHARK
3431,YFT
3432,NoF
3433,OTHER
3434,ALB
3435,YFT
3436,LAG
3437,ALB
3438,ALB
3439,ALB
3440,ALB
3441,ALB
3442,NoF
3443,OTHER
3444,SHARK
3445,ALB
3446,SHARK
3447,NoF
3448,LAG
3449,NoF
3450,ALB
3451,YFT
3452,ALB
3453,LAG
3454,NoF
3455,BET
3456,ALB
3457,ALB
3458,NoF
3459,NoF
3460,LAG
3461,ALB
3462,ALB
3463,SHARK
3464,NoF
3465,ALB
3466,ALB
3467,NoF
3468,YFT
3469,ALB
3470,ALB
3471,NoF
3472,ALB
3473,ALB
3474,ALB
3475,ALB
3476,ALB
3477,ALB
3478,ALB
3479,ALB
3480,ALB
3481,YFT
3482,ALB
3483,ALB
3484,ALB
3485,DOL
3486,NoF
3487,ALB
3488,ALB
3489,ALB
3490,NoF
3491,ALB
3492,ALB
3493,ALB
3494,ALB
3495,YFT
3496,NoF
3497,YFT
3498,BET
3499,ALB
3500,NoF
3501,ALB
3502,NoF
3503,LAG
3504,ALB
3505,ALB
3506,ALB
3507,YFT
3508,YFT
3509,OTHER
3510,ALB
3511,BET
3512,YFT
3513,NoF
3514,ALB
3515,OTHER
3516,ALB
3517,YFT
3518,YFT
3519,OTHER
3520,YFT
3521,YFT
3522,SHARK
3523,ALB
3524,NoF
3525,NoF
3526,ALB
3527,ALB
3528,ALB
3529,ALB
3530,ALB
3531,YFT
3532,ALB
3533,ALB
3534,BET
3535,BET
3536,YFT
3537,ALB
3538,ALB
3539,ALB
3540,NoF
3541,ALB
3542,DOL
3543,SHARK
3544,SHARK
3545,ALB
3546,ALB
3547,ALB
3548,YFT
3549,NoF
3550,YFT
3551,ALB
3552,NoF
3553,LAG
3554,YFT
3555,BET
3556,YFT
3557,OTHER
3558,ALB
3559,SHARK
3560,ALB
3561,BET
3562,DOL
3563,ALB
3564,NoF
3565,BET
3566,YFT
3567,YFT
3568,DOL
3569,OTHER
3570,OTHER
3571,ALB
3572,ALB
3573,DOL
3574,OTHER
3575,YFT
3576,OTHER
3577,ALB
3578,YFT
3579,YFT
3580,YFT
3581,NoF
3582,ALB
3583,ALB
3584,ALB
3585,YFT
3586,YFT
3587,ALB
3588,SHARK
3589,ALB
3590,YFT
3591,NoF
3592,ALB
3593,OTHER
3594,NoF
3595,BET
3596,NoF
3597,ALB
3598,ALB
3599,ALB
3600,NoF
3601,NoF
3602,ALB
3603,YFT
3604,OTHER
3605,ALB
3606,ALB
3607,YFT
3608,SHARK
3609,ALB
3610,YFT
3611,ALB
3612,OTHER
3613,ALB
3614,ALB
3615,YFT
3616,ALB
3617,BET
3618,ALB
3619,ALB
3620,ALB
3621,YFT
3622,ALB
3623,SHARK
3624,YFT
3625,ALB
3626,ALB
3627,YFT
3628,ALB
3629,ALB
3630,ALB
3631,DOL
3632,NoF
3633,NoF
3634,YFT
3635,ALB
3636,ALB
3637,OTHER
3638,BET
3639,ALB
3640,BET
3641,NoF
3642,OTHER
3643,YFT
3644,ALB
3645,ALB
3646,BET
3647,YFT
3648,YFT
3649,ALB
3650,YFT
3651,OTHER
3652,LAG
3653,YFT
3654,ALB
3655,NoF
3656,ALB
3657,OTHER
3658,ALB
3659,ALB
3660,YFT
3661,ALB
3662,OTHER
3663,ALB
3664,NoF
3665,BET
3666,YFT
3667,ALB
3668,YFT
3669,ALB
3670,NoF
3671,ALB
3672,ALB
3673,ALB
3674,BET
3675,DOL
3676,ALB
3677,ALB
3678,ALB
3679,YFT
3680,DOL
3681,NoF
3682,ALB
3683,NoF
3684,ALB
3685,ALB
3686,YFT
3687,YFT
3688,ALB
3689,OTHER
3690,NoF
3691,ALB
3692,DOL
3693,ALB
3694,BET
3695,YFT
3696,ALB
3697,ALB
3698,NoF
3699,YFT
3700,ALB
3701,ALB
3702,BET
3703,ALB
3704,YFT
3705,ALB
3706,LAG
3707,SHARK
3708,ALB
3709,BET
3710,ALB
3711,YFT
3712,NoF
3713,BET
3714,ALB
3715,ALB
3716,DOL
3717,BET
3718,YFT
3719,ALB
3720,OTHER
3721,YFT
3722,ALB
3723,ALB
3724,OTHER
3725,DOL
3726,ALB
3727,YFT
3728,ALB
3729,OTHER
3730,ALB
3731,OTHER
3732,ALB
3733,YFT
3734,ALB
3735,OTHER
3736,DOL
3737,NoF
3738,NoF
3739,YFT
3740,ALB
3741,YFT
3742,SHARK
3743,BET
3744,OTHER
3745,ALB
3746,ALB
3747,ALB
3748,ALB
3749,ALB
3750,ALB
3751,YFT
3752,ALB
3753,ALB
3754,ALB
3755,ALB
3756,NoF
3757,ALB
3758,ALB
3759,ALB
3760,YFT
3761,ALB
3762,ALB
3763,ALB
3764,ALB
3765,SHARK
3766,YFT
3767,YFT
3768,ALB
3769,ALB
3770,YFT
3771,NoF
3772,YFT
3773,ALB
3774,SHARK
3775,ALB
3776,ALB
